series_id,timestamp,target
manila,2026-08-26T00:00:00,29.0
manila,2026-08-26T01:00:00,29.8
manila,2026-08-26T02:00:00,30.7
manila,2026-08-26T03:00:00,30.4
manila,2026-08-26T04:00:00,30.5
manila,2026-08-26T05:00:00,29.9
manila,2026-08-26T06:00:00,31.7
manila,2026-08-26T07:00:00,30.6
manila,2026-08-26T08:00:00,29.5
manila,2026-08-26T09:00:00,29.0
manila,2026-08-26T10:00:00,28.4
manila,2026-08-26T11:00:00,27.5
manila,2026-08-26T12:00:00,28.6
manila,2026-08-26T13:00:00,28.0
manila,2026-08-26T14:00:00,28.0
manila,2026-08-26T15:00:00,27.6
manila,2026-08-26T16:00:00,27.5
manila,2026-08-26T17:00:00,27.5
manila,2026-08-26T18:00:00,27.8
manila,2026-08-26T19:00:00,27.4
manila,2026-08-26T20:00:00,27.1
manila,2026-08-26T21:00:00,27.3
manila,2026-08-26T22:00:00,27.2
manila,2026-08-26T23:00:00,27.4
manila,2026-08-27T00:00:00,28.2
manila,2026-08-27T01:00:00,28.8
manila,2026-08-27T02:00:00,29.2
manila,2026-08-27T03:00:00,29.7
manila,2026-08-27T04:00:00,29.2
manila,2026-08-27T05:00:00,29.3
manila,2026-08-27T06:00:00,30.3
manila,2026-08-27T07:00:00,29.8
manila,2026-08-27T08:00:00,28.9
manila,2026-08-27T09:00:00,28.8
manila,2026-08-27T10:00:00,28.3
manila,2026-08-27T11:00:00,27.8
manila,2026-08-27T12:00:00,27.0
manila,2026-08-27T13:00:00,27.0
manila,2026-08-27T14:00:00,26.7
manila,2026-08-27T15:00:00,26.6
manila,2026-08-27T16:00:00,26.1
manila,2026-08-27T17:00:00,26.4
manila,2026-08-27T18:00:00,27.0
manila,2026-08-27T19:00:00,26.7
manila,2026-08-27T20:00:00,26.3
manila,2026-08-27T21:00:00,26.4
manila,2026-08-27T22:00:00,26.3
manila,2026-08-27T23:00:00,26.5
manila,2026-08-28T00:00:00,25.5
manila,2026-08-28T01:00:00,25.9
manila,2026-08-28T02:00:00,25.8
manila,2026-08-28T03:00:00,26.4
manila,2026-08-28T04:00:00,26.1
manila,2026-08-28T05:00:00,26.5
manila,2026-08-28T06:00:00,26.3
manila,2026-08-28T07:00:00,26.0
manila,2026-08-28T08:00:00,25.9
manila,2026-08-28T09:00:00,26.0
manila,2026-08-28T10:00:00,25.8
manila,2026-08-28T11:00:00,25.8
manila,2026-08-28T12:00:00,25.5
manila,2026-08-28T13:00:00,25.1
manila,2026-08-28T14:00:00,25.7
manila,2026-08-28T15:00:00,25.9
manila,2026-08-28T16:00:00,25.7
manila,2026-08-28T17:00:00,25.7
manila,2026-08-28T18:00:00,25.6
manila,2026-08-28T19:00:00,25.8
manila,2026-08-28T20:00:00,25.8
manila,2026-08-28T21:00:00,25.6
manila,2026-08-28T22:00:00,25.5
manila,2026-08-28T23:00:00,26.0
manila,2026-08-29T00:00:00,25.7
manila,2026-08-29T01:00:00,25.6
manila,2026-08-29T02:00:00,25.7
manila,2026-08-29T03:00:00,26.2
manila,2026-08-29T04:00:00,26.1
manila,2026-08-29T05:00:00,27.0
manila,2026-08-29T06:00:00,26.3
manila,2026-08-29T07:00:00,26.6
manila,2026-08-29T08:00:00,25.6
manila,2026-08-29T09:00:00,26.1
manila,2026-08-29T10:00:00,26.0
manila,2026-08-29T11:00:00,26.6
manila,2026-08-29T12:00:00,26.6
manila,2026-08-29T13:00:00,26.9
manila,2026-08-29T14:00:00,27.3
manila,2026-08-29T15:00:00,27.5
manila,2026-08-29T16:00:00,27.2
manila,2026-08-29T17:00:00,27.2
manila,2026-08-29T18:00:00,27.7
manila,2026-08-29T19:00:00,27.4
manila,2026-08-29T20:00:00,26.9
manila,2026-08-29T21:00:00,26.7
manila,2026-08-29T22:00:00,26.1
manila,2026-08-29T23:00:00,26.4
manila,2026-08-30T00:00:00,27.0
manila,2026-08-30T01:00:00,27.1
manila,2026-08-30T02:00:00,27.9
manila,2026-08-30T03:00:00,28.5
manila,2026-08-30T04:00:00,28.5
manila,2026-08-30T05:00:00,28.5
manila,2026-08-30T06:00:00,27.1
manila,2026-08-30T07:00:00,28.0
manila,2026-08-30T08:00:00,27.5
manila,2026-08-30T09:00:00,27.6
manila,2026-08-30T10:00:00,27.2
manila,2026-08-30T11:00:00,26.8
manila,2026-08-30T12:00:00,27.9
manila,2026-08-30T13:00:00,28.1
manila,2026-08-30T14:00:00,27.2
manila,2026-08-30T15:00:00,26.4
manila,2026-08-30T16:00:00,27.8
manila,2026-08-30T17:00:00,27.2
manila,2026-08-30T18:00:00,27.8
manila,2026-08-30T19:00:00,27.4
manila,2026-08-30T20:00:00,27.8
manila,2026-08-30T21:00:00,27.1
manila,2026-08-30T22:00:00,25.8
manila,2026-08-30T23:00:00,26.7
manila,2026-08-31T00:00:00,28.4
manila,2026-08-31T01:00:00,28.9
manila,2026-08-31T02:00:00,29.2
manila,2026-08-31T03:00:00,29.4
manila,2026-08-31T04:00:00,29.7
manila,2026-08-31T05:00:00,30.6
manila,2026-08-31T06:00:00,31.0
manila,2026-08-31T07:00:00,30.7
manila,2026-08-31T08:00:00,30.3
manila,2026-08-31T09:00:00,29.7
manila,2026-08-31T10:00:00,29.2
manila,2026-08-31T11:00:00,29.1
manila,2026-08-31T12:00:00,29.1
manila,2026-08-31T13:00:00,29.0
manila,2026-08-31T14:00:00,28.9
manila,2026-08-31T15:00:00,29.0
manila,2026-08-31T16:00:00,28.9
manila,2026-08-31T17:00:00,28.7
manila,2026-08-31T18:00:00,28.5
manila,2026-08-31T19:00:00,28.3
manila,2026-08-31T20:00:00,27.7
manila,2026-08-31T21:00:00,27.8
manila,2026-08-31T22:00:00,27.6
manila,2026-08-31T23:00:00,27.9
manila,2026-09-01T00:00:00,28.5
manila,2026-09-01T01:00:00,29.7
manila,2026-09-01T02:00:00,29.7
manila,2026-09-01T03:00:00,29.9
manila,2026-09-01T04:00:00,30.1
manila,2026-09-01T05:00:00,30.0
manila,2026-09-01T06:00:00,30.6
manila,2026-09-01T07:00:00,30.4
manila,2026-09-01T08:00:00,30.1
manila,2026-09-01T09:00:00,29.5
manila,2026-09-01T10:00:00,29.1
manila,2026-09-01T11:00:00,28.8
manila,2026-09-01T12:00:00,26.8
manila,2026-09-01T13:00:00,27.8
manila,2026-09-01T14:00:00,28.3
manila,2026-09-01T15:00:00,28.7
manila,2026-09-01T16:00:00,28.1
manila,2026-09-01T17:00:00,27.6
manila,2026-09-01T18:00:00,28.3
manila,2026-09-01T19:00:00,27.7
manila,2026-09-01T20:00:00,27.4
manila,2026-09-01T21:00:00,27.6
manila,2026-09-01T22:00:00,27.5
manila,2026-09-01T23:00:00,27.9
manila,2026-09-02T00:00:00,29.1
manila,2026-09-02T01:00:00,29.5
manila,2026-09-02T02:00:00,30.3
manila,2026-09-02T03:00:00,29.8
manila,2026-09-02T04:00:00,29.5
manila,2026-09-02T05:00:00,29.1
manila,2026-09-02T06:00:00,29.6
manila,2026-09-02T07:00:00,29.6
manila,2026-09-02T08:00:00,28.7
manila,2026-09-02T09:00:00,28.1
manila,2026-09-02T10:00:00,27.5
manila,2026-09-02T11:00:00,28.0
manila,2026-09-02T12:00:00,28.7
manila,2026-09-02T13:00:00,27.6
manila,2026-09-02T14:00:00,27.6
manila,2026-09-02T15:00:00,27.6
manila,2026-09-02T16:00:00,27.9
manila,2026-09-02T17:00:00,27.8
manila,2026-09-02T18:00:00,28.0
manila,2026-09-02T19:00:00,27.3
manila,2026-09-02T20:00:00,26.1
manila,2026-09-02T21:00:00,26.6
manila,2026-09-02T22:00:00,26.8
manila,2026-09-02T23:00:00,26.8
manila,2026-09-03T00:00:00,28.5
manila,2026-09-03T01:00:00,29.0
manila,2026-09-03T02:00:00,28.7
manila,2026-09-03T03:00:00,29.7
manila,2026-09-03T04:00:00,29.6
manila,2026-09-03T05:00:00,29.3
manila,2026-09-03T06:00:00,29.8
manila,2026-09-03T07:00:00,29.0
manila,2026-09-03T08:00:00,28.9
manila,2026-09-03T09:00:00,27.8
manila,2026-09-03T10:00:00,27.3
manila,2026-09-03T11:00:00,26.9
manila,2026-09-03T12:00:00,26.5
manila,2026-09-03T13:00:00,26.2
manila,2026-09-03T14:00:00,25.9
manila,2026-09-03T15:00:00,25.8
manila,2026-09-03T16:00:00,26.0
manila,2026-09-03T17:00:00,26.0
manila,2026-09-03T18:00:00,26.2
manila,2026-09-03T19:00:00,26.0
manila,2026-09-03T20:00:00,26.0
manila,2026-09-03T21:00:00,26.2
manila,2026-09-03T22:00:00,26.6
manila,2026-09-03T23:00:00,27.0
manila,2026-09-04T00:00:00,27.0
manila,2026-09-04T01:00:00,27.8
manila,2026-09-04T02:00:00,27.8
manila,2026-09-04T03:00:00,27.9
manila,2026-09-04T04:00:00,27.9
manila,2026-09-04T05:00:00,28.4
manila,2026-09-04T06:00:00,28.1
manila,2026-09-04T07:00:00,28.1
manila,2026-09-04T08:00:00,28.0
manila,2026-09-04T09:00:00,28.1
manila,2026-09-04T10:00:00,27.5
manila,2026-09-04T11:00:00,27.2
manila,2026-09-04T12:00:00,26.2
manila,2026-09-04T13:00:00,25.9
manila,2026-09-04T14:00:00,26.3
manila,2026-09-04T15:00:00,26.3
manila,2026-09-04T16:00:00,26.4
manila,2026-09-04T17:00:00,26.2
manila,2026-09-04T18:00:00,26.1
manila,2026-09-04T19:00:00,25.5
manila,2026-09-04T20:00:00,25.7
manila,2026-09-04T21:00:00,25.9
manila,2026-09-04T22:00:00,26.0
manila,2026-09-04T23:00:00,26.7
manila,2026-09-05T00:00:00,26.5
manila,2026-09-05T01:00:00,26.4
manila,2026-09-05T02:00:00,26.8
manila,2026-09-05T03:00:00,27.3
manila,2026-09-05T04:00:00,27.4
manila,2026-09-05T05:00:00,27.2
manila,2026-09-05T06:00:00,27.0
manila,2026-09-05T07:00:00,26.5
manila,2026-09-05T08:00:00,26.4
manila,2026-09-05T09:00:00,26.4
manila,2026-09-05T10:00:00,26.0
manila,2026-09-05T11:00:00,26.1
manila,2026-09-05T12:00:00,25.8
manila,2026-09-05T13:00:00,26.0
manila,2026-09-05T14:00:00,26.0
manila,2026-09-05T15:00:00,26.0
manila,2026-09-05T16:00:00,26.1
manila,2026-09-05T17:00:00,26.4
manila,2026-09-05T18:00:00,25.7
manila,2026-09-05T19:00:00,25.9
manila,2026-09-05T20:00:00,25.8
manila,2026-09-05T21:00:00,26.3
manila,2026-09-05T22:00:00,26.6
manila,2026-09-05T23:00:00,26.3
manila,2026-09-06T00:00:00,27.5
manila,2026-09-06T01:00:00,28.0
manila,2026-09-06T02:00:00,27.0
manila,2026-09-06T03:00:00,27.1
manila,2026-09-06T04:00:00,28.1
manila,2026-09-06T05:00:00,27.7
manila,2026-09-06T06:00:00,27.8
manila,2026-09-06T07:00:00,27.7
manila,2026-09-06T08:00:00,27.3
manila,2026-09-06T09:00:00,26.8
manila,2026-09-06T10:00:00,27.0
manila,2026-09-06T11:00:00,27.1
manila,2026-09-06T12:00:00,26.6
manila,2026-09-06T13:00:00,26.8
manila,2026-09-06T14:00:00,26.8
manila,2026-09-06T15:00:00,26.1
manila,2026-09-06T16:00:00,25.7
manila,2026-09-06T17:00:00,26.3
manila,2026-09-06T18:00:00,26.1
manila,2026-09-06T19:00:00,26.3
manila,2026-09-06T20:00:00,26.4
manila,2026-09-06T21:00:00,26.4
manila,2026-09-06T22:00:00,26.3
manila,2026-09-06T23:00:00,26.1
manila,2026-09-07T00:00:00,27.0
manila,2026-09-07T01:00:00,27.0
manila,2026-09-07T02:00:00,27.1
manila,2026-09-07T03:00:00,27.5
manila,2026-09-07T04:00:00,26.3
manila,2026-09-07T05:00:00,26.2
manila,2026-09-07T06:00:00,27.1
manila,2026-09-07T07:00:00,26.7
manila,2026-09-07T08:00:00,26.3
manila,2026-09-07T09:00:00,26.2
manila,2026-09-07T10:00:00,26.1
manila,2026-09-07T11:00:00,26.0
manila,2026-09-07T12:00:00,26.5
manila,2026-09-07T13:00:00,26.4
manila,2026-09-07T14:00:00,26.3
manila,2026-09-07T15:00:00,26.2
manila,2026-09-07T16:00:00,26.0
manila,2026-09-07T17:00:00,25.8
manila,2026-09-07T18:00:00,25.5
manila,2026-09-07T19:00:00,25.6
manila,2026-09-07T20:00:00,25.6
manila,2026-09-07T21:00:00,25.7
manila,2026-09-07T22:00:00,25.9
manila,2026-09-07T23:00:00,26.1
manila,2026-09-08T00:00:00,26.8
manila,2026-09-08T01:00:00,25.5
manila,2026-09-08T02:00:00,26.2
manila,2026-09-08T03:00:00,26.4
manila,2026-09-08T04:00:00,27.8
manila,2026-09-08T05:00:00,28.0
manila,2026-09-08T06:00:00,27.2
manila,2026-09-08T07:00:00,27.7
manila,2026-09-08T08:00:00,27.5
manila,2026-09-08T09:00:00,26.7
manila,2026-09-08T10:00:00,26.4
manila,2026-09-08T11:00:00,26.3
manila,2026-09-08T12:00:00,25.5
manila,2026-09-08T13:00:00,25.4
manila,2026-09-08T14:00:00,25.7
manila,2026-09-08T15:00:00,25.6
manila,2026-09-08T16:00:00,25.7
manila,2026-09-08T17:00:00,25.6
manila,2026-09-08T18:00:00,26.4
manila,2026-09-08T19:00:00,26.2
manila,2026-09-08T20:00:00,26.1
manila,2026-09-08T21:00:00,25.6
manila,2026-09-08T22:00:00,25.1
manila,2026-09-08T23:00:00,24.5
cebu,2026-08-26T00:00:00,30.8
cebu,2026-08-26T01:00:00,31.8
cebu,2026-08-26T02:00:00,32.5
cebu,2026-08-26T03:00:00,32.1
cebu,2026-08-26T04:00:00,31.7
cebu,2026-08-26T05:00:00,31.2
cebu,2026-08-26T06:00:00,31.9
cebu,2026-08-26T07:00:00,30.7
cebu,2026-08-26T08:00:00,30.3
cebu,2026-08-26T09:00:00,30.0
cebu,2026-08-26T10:00:00,29.1
cebu,2026-08-26T11:00:00,28.6
cebu,2026-08-26T12:00:00,28.9
cebu,2026-08-26T13:00:00,28.6
cebu,2026-08-26T14:00:00,28.2
cebu,2026-08-26T15:00:00,27.8
cebu,2026-08-26T16:00:00,27.6
cebu,2026-08-26T17:00:00,27.3
cebu,2026-08-26T18:00:00,27.2
cebu,2026-08-26T19:00:00,26.9
cebu,2026-08-26T20:00:00,26.8
cebu,2026-08-26T21:00:00,26.8
cebu,2026-08-26T22:00:00,26.9
cebu,2026-08-26T23:00:00,28.2
cebu,2026-08-27T00:00:00,29.9
cebu,2026-08-27T01:00:00,31.0
cebu,2026-08-27T02:00:00,32.0
cebu,2026-08-27T03:00:00,32.8
cebu,2026-08-27T04:00:00,32.4
cebu,2026-08-27T05:00:00,31.6
cebu,2026-08-27T06:00:00,29.7
cebu,2026-08-27T07:00:00,28.9
cebu,2026-08-27T08:00:00,26.6
cebu,2026-08-27T09:00:00,26.7
cebu,2026-08-27T10:00:00,26.5
cebu,2026-08-27T11:00:00,26.3
cebu,2026-08-27T12:00:00,27.8
cebu,2026-08-27T13:00:00,27.3
cebu,2026-08-27T14:00:00,26.7
cebu,2026-08-27T15:00:00,26.1
cebu,2026-08-27T16:00:00,25.8
cebu,2026-08-27T17:00:00,25.7
cebu,2026-08-27T18:00:00,26.0
cebu,2026-08-27T19:00:00,26.1
cebu,2026-08-27T20:00:00,26.5
cebu,2026-08-27T21:00:00,26.5
cebu,2026-08-27T22:00:00,26.4
cebu,2026-08-27T23:00:00,27.1
cebu,2026-08-28T00:00:00,27.8
cebu,2026-08-28T01:00:00,29.3
cebu,2026-08-28T02:00:00,30.9
cebu,2026-08-28T03:00:00,31.4
cebu,2026-08-28T04:00:00,31.7
cebu,2026-08-28T05:00:00,31.4
cebu,2026-08-28T06:00:00,31.3
cebu,2026-08-28T07:00:00,31.9
cebu,2026-08-28T08:00:00,31.0
cebu,2026-08-28T09:00:00,29.9
cebu,2026-08-28T10:00:00,29.4
cebu,2026-08-28T11:00:00,29.0
cebu,2026-08-28T12:00:00,29.2
cebu,2026-08-28T13:00:00,28.5
cebu,2026-08-28T14:00:00,28.0
cebu,2026-08-28T15:00:00,27.7
cebu,2026-08-28T16:00:00,27.6
cebu,2026-08-28T17:00:00,27.9
cebu,2026-08-28T18:00:00,28.4
cebu,2026-08-28T19:00:00,28.0
cebu,2026-08-28T20:00:00,27.9
cebu,2026-08-28T21:00:00,27.8
cebu,2026-08-28T22:00:00,27.8
cebu,2026-08-28T23:00:00,28.6
cebu,2026-08-29T00:00:00,30.5
cebu,2026-08-29T01:00:00,31.1
cebu,2026-08-29T02:00:00,31.7
cebu,2026-08-29T03:00:00,31.6
cebu,2026-08-29T04:00:00,31.0
cebu,2026-08-29T05:00:00,31.1
cebu,2026-08-29T06:00:00,33.5
cebu,2026-08-29T07:00:00,33.1
cebu,2026-08-29T08:00:00,32.2
cebu,2026-08-29T09:00:00,31.7
cebu,2026-08-29T10:00:00,30.7
cebu,2026-08-29T11:00:00,29.9
cebu,2026-08-29T12:00:00,29.5
cebu,2026-08-29T13:00:00,29.0
cebu,2026-08-29T14:00:00,28.5
cebu,2026-08-29T15:00:00,28.2
cebu,2026-08-29T16:00:00,27.9
cebu,2026-08-29T17:00:00,27.8
cebu,2026-08-29T18:00:00,27.6
cebu,2026-08-29T19:00:00,27.4
cebu,2026-08-29T20:00:00,27.2
cebu,2026-08-29T21:00:00,27.0
cebu,2026-08-29T22:00:00,27.1
cebu,2026-08-29T23:00:00,28.2
cebu,2026-08-30T00:00:00,30.2
cebu,2026-08-30T01:00:00,31.3
cebu,2026-08-30T02:00:00,32.2
cebu,2026-08-30T03:00:00,32.6
cebu,2026-08-30T04:00:00,33.1
cebu,2026-08-30T05:00:00,32.7
cebu,2026-08-30T06:00:00,33.8
cebu,2026-08-30T07:00:00,31.9
cebu,2026-08-30T08:00:00,32.5
cebu,2026-08-30T09:00:00,31.7
cebu,2026-08-30T10:00:00,30.4
cebu,2026-08-30T11:00:00,29.7
cebu,2026-08-30T12:00:00,29.0
cebu,2026-08-30T13:00:00,28.4
cebu,2026-08-30T14:00:00,28.3
cebu,2026-08-30T15:00:00,28.0
cebu,2026-08-30T16:00:00,27.7
cebu,2026-08-30T17:00:00,27.5
cebu,2026-08-30T18:00:00,27.1
cebu,2026-08-30T19:00:00,27.1
cebu,2026-08-30T20:00:00,27.1
cebu,2026-08-30T21:00:00,27.0
cebu,2026-08-30T22:00:00,27.1
cebu,2026-08-30T23:00:00,28.5
cebu,2026-08-31T00:00:00,30.4
cebu,2026-08-31T01:00:00,31.3
cebu,2026-08-31T02:00:00,31.8
cebu,2026-08-31T03:00:00,32.0
cebu,2026-08-31T04:00:00,32.0
cebu,2026-08-31T05:00:00,31.3
cebu,2026-08-31T06:00:00,33.6
cebu,2026-08-31T07:00:00,33.0
cebu,2026-08-31T08:00:00,32.4
cebu,2026-08-31T09:00:00,31.9
cebu,2026-08-31T10:00:00,31.0
cebu,2026-08-31T11:00:00,30.0
cebu,2026-08-31T12:00:00,29.7
cebu,2026-08-31T13:00:00,29.1
cebu,2026-08-31T14:00:00,28.7
cebu,2026-08-31T15:00:00,28.2
cebu,2026-08-31T16:00:00,27.8
cebu,2026-08-31T17:00:00,27.6
cebu,2026-08-31T18:00:00,27.3
cebu,2026-08-31T19:00:00,27.0
cebu,2026-08-31T20:00:00,26.9
cebu,2026-08-31T21:00:00,26.8
cebu,2026-08-31T22:00:00,27.0
cebu,2026-08-31T23:00:00,28.6
cebu,2026-09-01T00:00:00,30.6
cebu,2026-09-01T01:00:00,31.3
cebu,2026-09-01T02:00:00,32.3
cebu,2026-09-01T03:00:00,32.2
cebu,2026-09-01T04:00:00,31.4
cebu,2026-09-01T05:00:00,30.2
cebu,2026-09-01T06:00:00,32.8
cebu,2026-09-01T07:00:00,32.2
cebu,2026-09-01T08:00:00,30.8
cebu,2026-09-01T09:00:00,30.8
cebu,2026-09-01T10:00:00,29.8
cebu,2026-09-01T11:00:00,28.9
cebu,2026-09-01T12:00:00,28.8
cebu,2026-09-01T13:00:00,28.2
cebu,2026-09-01T14:00:00,27.9
cebu,2026-09-01T15:00:00,27.5
cebu,2026-09-01T16:00:00,27.3
cebu,2026-09-01T17:00:00,27.2
cebu,2026-09-01T18:00:00,27.0
cebu,2026-09-01T19:00:00,26.8
cebu,2026-09-01T20:00:00,26.7
cebu,2026-09-01T21:00:00,26.6
cebu,2026-09-01T22:00:00,26.8
cebu,2026-09-01T23:00:00,28.3
cebu,2026-09-02T00:00:00,30.5
cebu,2026-09-02T01:00:00,31.6
cebu,2026-09-02T02:00:00,32.2
cebu,2026-09-02T03:00:00,32.5
cebu,2026-09-02T04:00:00,32.2
cebu,2026-09-02T05:00:00,31.9
cebu,2026-09-02T06:00:00,32.7
cebu,2026-09-02T07:00:00,32.5
cebu,2026-09-02T08:00:00,31.9
cebu,2026-09-02T09:00:00,30.8
cebu,2026-09-02T10:00:00,29.7
cebu,2026-09-02T11:00:00,29.4
cebu,2026-09-02T12:00:00,29.5
cebu,2026-09-02T13:00:00,28.9
cebu,2026-09-02T14:00:00,28.5
cebu,2026-09-02T15:00:00,28.1
cebu,2026-09-02T16:00:00,28.0
cebu,2026-09-02T17:00:00,27.9
cebu,2026-09-02T18:00:00,27.7
cebu,2026-09-02T19:00:00,27.5
cebu,2026-09-02T20:00:00,27.4
cebu,2026-09-02T21:00:00,27.2
cebu,2026-09-02T22:00:00,27.3
cebu,2026-09-02T23:00:00,28.7
cebu,2026-09-03T00:00:00,30.7
cebu,2026-09-03T01:00:00,31.2
cebu,2026-09-03T02:00:00,31.3
cebu,2026-09-03T03:00:00,31.0
cebu,2026-09-03T04:00:00,31.7
cebu,2026-09-03T05:00:00,32.4
cebu,2026-09-03T06:00:00,33.1
cebu,2026-09-03T07:00:00,32.0
cebu,2026-09-03T08:00:00,31.4
cebu,2026-09-03T09:00:00,30.6
cebu,2026-09-03T10:00:00,29.8
cebu,2026-09-03T11:00:00,29.5
cebu,2026-09-03T12:00:00,29.5
cebu,2026-09-03T13:00:00,29.0
cebu,2026-09-03T14:00:00,28.5
cebu,2026-09-03T15:00:00,28.1
cebu,2026-09-03T16:00:00,27.8
cebu,2026-09-03T17:00:00,27.6
cebu,2026-09-03T18:00:00,27.6
cebu,2026-09-03T19:00:00,27.4
cebu,2026-09-03T20:00:00,27.3
cebu,2026-09-03T21:00:00,27.3
cebu,2026-09-03T22:00:00,27.5
cebu,2026-09-03T23:00:00,28.8
cebu,2026-09-04T00:00:00,30.5
cebu,2026-09-04T01:00:00,30.9
cebu,2026-09-04T02:00:00,31.2
cebu,2026-09-04T03:00:00,31.3
cebu,2026-09-04T04:00:00,31.4
cebu,2026-09-04T05:00:00,31.6
cebu,2026-09-04T06:00:00,32.8
cebu,2026-09-04T07:00:00,32.6
cebu,2026-09-04T08:00:00,31.9
cebu,2026-09-04T09:00:00,31.1
cebu,2026-09-04T10:00:00,30.1
cebu,2026-09-04T11:00:00,29.9
cebu,2026-09-04T12:00:00,28.2
cebu,2026-09-04T13:00:00,28.0
cebu,2026-09-04T14:00:00,28.0
cebu,2026-09-04T15:00:00,27.9
cebu,2026-09-04T16:00:00,27.6
cebu,2026-09-04T17:00:00,27.5
cebu,2026-09-04T18:00:00,27.1
cebu,2026-09-04T19:00:00,26.6
cebu,2026-09-04T20:00:00,26.3
cebu,2026-09-04T21:00:00,26.0
cebu,2026-09-04T22:00:00,26.3
cebu,2026-09-04T23:00:00,28.0
cebu,2026-09-05T00:00:00,30.6
cebu,2026-09-05T01:00:00,31.9
cebu,2026-09-05T02:00:00,32.8
cebu,2026-09-05T03:00:00,32.5
cebu,2026-09-05T04:00:00,31.7
cebu,2026-09-05T05:00:00,32.7
cebu,2026-09-05T06:00:00,33.8
cebu,2026-09-05T07:00:00,31.8
cebu,2026-09-05T08:00:00,31.9
cebu,2026-09-05T09:00:00,30.3
cebu,2026-09-05T10:00:00,29.0
cebu,2026-09-05T11:00:00,28.2
cebu,2026-09-05T12:00:00,28.0
cebu,2026-09-05T13:00:00,27.5
cebu,2026-09-05T14:00:00,27.7
cebu,2026-09-05T15:00:00,27.5
cebu,2026-09-05T16:00:00,27.1
cebu,2026-09-05T17:00:00,26.9
cebu,2026-09-05T18:00:00,27.2
cebu,2026-09-05T19:00:00,26.9
cebu,2026-09-05T20:00:00,26.6
cebu,2026-09-05T21:00:00,26.5
cebu,2026-09-05T22:00:00,26.6
cebu,2026-09-05T23:00:00,28.4
cebu,2026-09-06T00:00:00,30.4
cebu,2026-09-06T01:00:00,31.2
cebu,2026-09-06T02:00:00,31.4
cebu,2026-09-06T03:00:00,31.5
cebu,2026-09-06T04:00:00,31.9
cebu,2026-09-06T05:00:00,32.5
cebu,2026-09-06T06:00:00,33.5
cebu,2026-09-06T07:00:00,33.5
cebu,2026-09-06T08:00:00,31.4
cebu,2026-09-06T09:00:00,30.8
cebu,2026-09-06T10:00:00,30.0
cebu,2026-09-06T11:00:00,29.4
cebu,2026-09-06T12:00:00,29.7
cebu,2026-09-06T13:00:00,29.2
cebu,2026-09-06T14:00:00,28.7
cebu,2026-09-06T15:00:00,28.2
cebu,2026-09-06T16:00:00,27.7
cebu,2026-09-06T17:00:00,27.4
cebu,2026-09-06T18:00:00,27.5
cebu,2026-09-06T19:00:00,27.2
cebu,2026-09-06T20:00:00,27.0
cebu,2026-09-06T21:00:00,26.9
cebu,2026-09-06T22:00:00,26.9
cebu,2026-09-06T23:00:00,28.5
cebu,2026-09-07T00:00:00,30.7
cebu,2026-09-07T01:00:00,31.7
cebu,2026-09-07T02:00:00,32.9
cebu,2026-09-07T03:00:00,33.1
cebu,2026-09-07T04:00:00,33.2
cebu,2026-09-07T05:00:00,32.8
cebu,2026-09-07T06:00:00,33.9
cebu,2026-09-07T07:00:00,32.5
cebu,2026-09-07T08:00:00,32.1
cebu,2026-09-07T09:00:00,31.3
cebu,2026-09-07T10:00:00,29.7
cebu,2026-09-07T11:00:00,28.8
cebu,2026-09-07T12:00:00,29.2
cebu,2026-09-07T13:00:00,28.9
cebu,2026-09-07T14:00:00,28.8
cebu,2026-09-07T15:00:00,28.6
cebu,2026-09-07T16:00:00,28.2
cebu,2026-09-07T17:00:00,28.0
cebu,2026-09-07T18:00:00,27.7
cebu,2026-09-07T19:00:00,27.4
cebu,2026-09-07T20:00:00,27.2
cebu,2026-09-07T21:00:00,27.0
cebu,2026-09-07T22:00:00,27.2
cebu,2026-09-07T23:00:00,28.8
cebu,2026-09-08T00:00:00,30.7
cebu,2026-09-08T01:00:00,31.9
cebu,2026-09-08T02:00:00,33.2
cebu,2026-09-08T03:00:00,33.7
cebu,2026-09-08T04:00:00,33.7
cebu,2026-09-08T05:00:00,33.6
cebu,2026-09-08T06:00:00,34.4
cebu,2026-09-08T07:00:00,33.3
cebu,2026-09-08T08:00:00,32.5
cebu,2026-09-08T09:00:00,31.4
cebu,2026-09-08T10:00:00,30.3
cebu,2026-09-08T11:00:00,29.5
cebu,2026-09-08T12:00:00,29.6
cebu,2026-09-08T13:00:00,29.2
cebu,2026-09-08T14:00:00,28.8
cebu,2026-09-08T15:00:00,28.6
cebu,2026-09-08T16:00:00,28.2
cebu,2026-09-08T17:00:00,27.9
cebu,2026-09-08T18:00:00,27.8
cebu,2026-09-08T19:00:00,27.4
cebu,2026-09-08T20:00:00,27.2
cebu,2026-09-08T21:00:00,27.0
cebu,2026-09-08T22:00:00,26.9
cebu,2026-09-08T23:00:00,28.4
davao,2026-08-26T00:00:00,26.7
davao,2026-08-26T01:00:00,27.7
davao,2026-08-26T02:00:00,28.8
davao,2026-08-26T03:00:00,29.4
davao,2026-08-26T04:00:00,29.9
davao,2026-08-26T05:00:00,29.7
davao,2026-08-26T06:00:00,29.5
davao,2026-08-26T07:00:00,28.4
davao,2026-08-26T08:00:00,27.3
davao,2026-08-26T09:00:00,27.3
davao,2026-08-26T10:00:00,26.5
davao,2026-08-26T11:00:00,25.9
davao,2026-08-26T12:00:00,25.6
davao,2026-08-26T13:00:00,24.9
davao,2026-08-26T14:00:00,24.6
davao,2026-08-26T15:00:00,24.6
davao,2026-08-26T16:00:00,24.6
davao,2026-08-26T17:00:00,24.5
davao,2026-08-26T18:00:00,24.2
davao,2026-08-26T19:00:00,23.8
davao,2026-08-26T20:00:00,23.9
davao,2026-08-26T21:00:00,23.7
davao,2026-08-26T22:00:00,23.8
davao,2026-08-26T23:00:00,25.0
davao,2026-08-27T00:00:00,26.3
davao,2026-08-27T01:00:00,27.6
davao,2026-08-27T02:00:00,28.7
davao,2026-08-27T03:00:00,28.5
davao,2026-08-27T04:00:00,29.3
davao,2026-08-27T05:00:00,29.0
davao,2026-08-27T06:00:00,29.3
davao,2026-08-27T07:00:00,28.1
davao,2026-08-27T08:00:00,27.6
davao,2026-08-27T09:00:00,26.8
davao,2026-08-27T10:00:00,26.0
davao,2026-08-27T11:00:00,25.7
davao,2026-08-27T12:00:00,25.7
davao,2026-08-27T13:00:00,25.2
davao,2026-08-27T14:00:00,24.9
davao,2026-08-27T15:00:00,24.7
davao,2026-08-27T16:00:00,24.6
davao,2026-08-27T17:00:00,24.5
davao,2026-08-27T18:00:00,23.9
davao,2026-08-27T19:00:00,23.8
davao,2026-08-27T20:00:00,23.6
davao,2026-08-27T21:00:00,23.2
davao,2026-08-27T22:00:00,23.4
davao,2026-08-27T23:00:00,25.8
davao,2026-08-28T00:00:00,26.8
davao,2026-08-28T01:00:00,27.7
davao,2026-08-28T02:00:00,27.9
davao,2026-08-28T03:00:00,28.5
davao,2026-08-28T04:00:00,28.7
davao,2026-08-28T05:00:00,29.3
davao,2026-08-28T06:00:00,30.2
davao,2026-08-28T07:00:00,28.1
davao,2026-08-28T08:00:00,27.8
davao,2026-08-28T09:00:00,26.9
davao,2026-08-28T10:00:00,25.7
davao,2026-08-28T11:00:00,25.4
davao,2026-08-28T12:00:00,25.7
davao,2026-08-28T13:00:00,25.3
davao,2026-08-28T14:00:00,25.2
davao,2026-08-28T15:00:00,25.1
davao,2026-08-28T16:00:00,24.7
davao,2026-08-28T17:00:00,24.2
davao,2026-08-28T18:00:00,24.2
davao,2026-08-28T19:00:00,23.8
davao,2026-08-28T20:00:00,23.6
davao,2026-08-28T21:00:00,23.1
davao,2026-08-28T22:00:00,23.3
davao,2026-08-28T23:00:00,25.5
davao,2026-08-29T00:00:00,26.5
davao,2026-08-29T01:00:00,28.0
davao,2026-08-29T02:00:00,29.2
davao,2026-08-29T03:00:00,29.9
davao,2026-08-29T04:00:00,30.8
davao,2026-08-29T05:00:00,31.1
davao,2026-08-29T06:00:00,30.7
davao,2026-08-29T07:00:00,29.9
davao,2026-08-29T08:00:00,29.5
davao,2026-08-29T09:00:00,28.1
davao,2026-08-29T10:00:00,26.6
davao,2026-08-29T11:00:00,26.2
davao,2026-08-29T12:00:00,25.9
davao,2026-08-29T13:00:00,25.4
davao,2026-08-29T14:00:00,25.1
davao,2026-08-29T15:00:00,24.8
davao,2026-08-29T16:00:00,24.1
davao,2026-08-29T17:00:00,23.3
davao,2026-08-29T18:00:00,23.3
davao,2026-08-29T19:00:00,22.8
davao,2026-08-29T20:00:00,22.3
davao,2026-08-29T21:00:00,22.0
davao,2026-08-29T22:00:00,22.4
davao,2026-08-29T23:00:00,25.2
davao,2026-08-30T00:00:00,26.9
davao,2026-08-30T01:00:00,28.1
davao,2026-08-30T02:00:00,28.8
davao,2026-08-30T03:00:00,29.4
davao,2026-08-30T04:00:00,29.7
davao,2026-08-30T05:00:00,30.1
davao,2026-08-30T06:00:00,30.2
davao,2026-08-30T07:00:00,28.7
davao,2026-08-30T08:00:00,28.0
davao,2026-08-30T09:00:00,26.9
davao,2026-08-30T10:00:00,25.8
davao,2026-08-30T11:00:00,25.5
davao,2026-08-30T12:00:00,25.6
davao,2026-08-30T13:00:00,25.4
davao,2026-08-30T14:00:00,25.2
davao,2026-08-30T15:00:00,24.8
davao,2026-08-30T16:00:00,24.4
davao,2026-08-30T17:00:00,24.0
davao,2026-08-30T18:00:00,23.9
davao,2026-08-30T19:00:00,23.4
davao,2026-08-30T20:00:00,22.8
davao,2026-08-30T21:00:00,22.3
davao,2026-08-30T22:00:00,22.3
davao,2026-08-30T23:00:00,25.3
davao,2026-08-31T00:00:00,27.2
davao,2026-08-31T01:00:00,28.4
davao,2026-08-31T02:00:00,29.3
davao,2026-08-31T03:00:00,30.1
davao,2026-08-31T04:00:00,30.4
davao,2026-08-31T05:00:00,30.5
davao,2026-08-31T06:00:00,30.5
davao,2026-08-31T07:00:00,29.7
davao,2026-08-31T08:00:00,28.7
davao,2026-08-31T09:00:00,27.7
davao,2026-08-31T10:00:00,26.4
davao,2026-08-31T11:00:00,25.8
davao,2026-08-31T12:00:00,25.8
davao,2026-08-31T13:00:00,25.8
davao,2026-08-31T14:00:00,25.6
davao,2026-08-31T15:00:00,25.6
davao,2026-08-31T16:00:00,25.1
davao,2026-08-31T17:00:00,24.5
davao,2026-08-31T18:00:00,24.8
davao,2026-08-31T19:00:00,24.1
davao,2026-08-31T20:00:00,24.0
davao,2026-08-31T21:00:00,23.7
davao,2026-08-31T22:00:00,23.9
davao,2026-08-31T23:00:00,25.4
davao,2026-09-01T00:00:00,27.0
davao,2026-09-01T01:00:00,27.7
davao,2026-09-01T02:00:00,28.9
davao,2026-09-01T03:00:00,29.4
davao,2026-09-01T04:00:00,30.5
davao,2026-09-01T05:00:00,30.4
davao,2026-09-01T06:00:00,30.7
davao,2026-09-01T07:00:00,29.7
davao,2026-09-01T08:00:00,28.9
davao,2026-09-01T09:00:00,27.8
davao,2026-09-01T10:00:00,26.3
davao,2026-09-01T11:00:00,25.9
davao,2026-09-01T12:00:00,26.2
davao,2026-09-01T13:00:00,25.9
davao,2026-09-01T14:00:00,25.6
davao,2026-09-01T15:00:00,25.2
davao,2026-09-01T16:00:00,24.7
davao,2026-09-01T17:00:00,24.4
davao,2026-09-01T18:00:00,24.3
davao,2026-09-01T19:00:00,23.6
davao,2026-09-01T20:00:00,23.3
davao,2026-09-01T21:00:00,22.9
davao,2026-09-01T22:00:00,23.3
davao,2026-09-01T23:00:00,25.5
davao,2026-09-02T00:00:00,27.0
davao,2026-09-02T01:00:00,28.4
davao,2026-09-02T02:00:00,29.4
davao,2026-09-02T03:00:00,29.8
davao,2026-09-02T04:00:00,30.5
davao,2026-09-02T05:00:00,30.9
davao,2026-09-02T06:00:00,30.6
davao,2026-09-02T07:00:00,29.4
davao,2026-09-02T08:00:00,28.3
davao,2026-09-02T09:00:00,27.3
davao,2026-09-02T10:00:00,26.4
davao,2026-09-02T11:00:00,26.0
davao,2026-09-02T12:00:00,26.3
davao,2026-09-02T13:00:00,26.2
davao,2026-09-02T14:00:00,25.9
davao,2026-09-02T15:00:00,25.3
davao,2026-09-02T16:00:00,25.0
davao,2026-09-02T17:00:00,24.8
davao,2026-09-02T18:00:00,24.7
davao,2026-09-02T19:00:00,24.3
davao,2026-09-02T20:00:00,24.0
davao,2026-09-02T21:00:00,23.6
davao,2026-09-02T22:00:00,23.9
davao,2026-09-02T23:00:00,25.9
davao,2026-09-03T00:00:00,27.5
davao,2026-09-03T01:00:00,28.3
davao,2026-09-03T02:00:00,29.4
davao,2026-09-03T03:00:00,30.0
davao,2026-09-03T04:00:00,30.6
davao,2026-09-03T05:00:00,30.8
davao,2026-09-03T06:00:00,30.7
davao,2026-09-03T07:00:00,29.2
davao,2026-09-03T08:00:00,27.8
davao,2026-09-03T09:00:00,27.1
davao,2026-09-03T10:00:00,26.2
davao,2026-09-03T11:00:00,25.9
davao,2026-09-03T12:00:00,25.8
davao,2026-09-03T13:00:00,25.5
davao,2026-09-03T14:00:00,25.4
davao,2026-09-03T15:00:00,25.2
davao,2026-09-03T16:00:00,25.1
davao,2026-09-03T17:00:00,24.9
davao,2026-09-03T18:00:00,24.5
davao,2026-09-03T19:00:00,23.8
davao,2026-09-03T20:00:00,23.8
davao,2026-09-03T21:00:00,23.6
davao,2026-09-03T22:00:00,23.7
davao,2026-09-03T23:00:00,26.0
davao,2026-09-04T00:00:00,27.6
davao,2026-09-04T01:00:00,28.8
davao,2026-09-04T02:00:00,29.5
davao,2026-09-04T03:00:00,30.0
davao,2026-09-04T04:00:00,30.6
davao,2026-09-04T05:00:00,30.7
davao,2026-09-04T06:00:00,30.7
davao,2026-09-04T07:00:00,29.0
davao,2026-09-04T08:00:00,28.3
davao,2026-09-04T09:00:00,27.3
davao,2026-09-04T10:00:00,26.4
davao,2026-09-04T11:00:00,26.1
davao,2026-09-04T12:00:00,26.3
davao,2026-09-04T13:00:00,25.9
davao,2026-09-04T14:00:00,25.6
davao,2026-09-04T15:00:00,25.2
davao,2026-09-04T16:00:00,25.0
davao,2026-09-04T17:00:00,24.5
davao,2026-09-04T18:00:00,24.2
davao,2026-09-04T19:00:00,23.7
davao,2026-09-04T20:00:00,23.5
davao,2026-09-04T21:00:00,23.2
davao,2026-09-04T22:00:00,23.6
davao,2026-09-04T23:00:00,25.9
davao,2026-09-05T00:00:00,27.8
davao,2026-09-05T01:00:00,28.5
davao,2026-09-05T02:00:00,29.4
davao,2026-09-05T03:00:00,29.8
davao,2026-09-05T04:00:00,30.1
davao,2026-09-05T05:00:00,30.0
davao,2026-09-05T06:00:00,29.7
davao,2026-09-05T07:00:00,29.3
davao,2026-09-05T08:00:00,28.3
davao,2026-09-05T09:00:00,26.8
davao,2026-09-05T10:00:00,26.2
davao,2026-09-05T11:00:00,25.9
davao,2026-09-05T12:00:00,25.7
davao,2026-09-05T13:00:00,25.6
davao,2026-09-05T14:00:00,25.3
davao,2026-09-05T15:00:00,25.0
davao,2026-09-05T16:00:00,24.9
davao,2026-09-05T17:00:00,24.5
davao,2026-09-05T18:00:00,24.2
davao,2026-09-05T19:00:00,23.8
davao,2026-09-05T20:00:00,23.6
davao,2026-09-05T21:00:00,23.4
davao,2026-09-05T22:00:00,23.7
davao,2026-09-05T23:00:00,25.9
davao,2026-09-06T00:00:00,27.8
davao,2026-09-06T01:00:00,29.0
davao,2026-09-06T02:00:00,30.0
davao,2026-09-06T03:00:00,30.2
davao,2026-09-06T04:00:00,31.2
davao,2026-09-06T05:00:00,30.8
davao,2026-09-06T06:00:00,31.0
davao,2026-09-06T07:00:00,29.3
davao,2026-09-06T08:00:00,28.0
davao,2026-09-06T09:00:00,27.3
davao,2026-09-06T10:00:00,26.2
davao,2026-09-06T11:00:00,26.0
davao,2026-09-06T12:00:00,26.1
davao,2026-09-06T13:00:00,25.5
davao,2026-09-06T14:00:00,25.3
davao,2026-09-06T15:00:00,24.8
davao,2026-09-06T16:00:00,24.4
davao,2026-09-06T17:00:00,24.3
davao,2026-09-06T18:00:00,24.0
davao,2026-09-06T19:00:00,23.3
davao,2026-09-06T20:00:00,22.7
davao,2026-09-06T21:00:00,22.4
davao,2026-09-06T22:00:00,22.9
davao,2026-09-06T23:00:00,26.2
davao,2026-09-07T00:00:00,28.4
davao,2026-09-07T01:00:00,29.6
davao,2026-09-07T02:00:00,30.7
davao,2026-09-07T03:00:00,31.4
davao,2026-09-07T04:00:00,31.8
davao,2026-09-07T05:00:00,31.5
davao,2026-09-07T06:00:00,31.3
davao,2026-09-07T07:00:00,29.5
davao,2026-09-07T08:00:00,28.7
davao,2026-09-07T09:00:00,27.4
davao,2026-09-07T10:00:00,26.5
davao,2026-09-07T11:00:00,26.2
davao,2026-09-07T12:00:00,26.5
davao,2026-09-07T13:00:00,26.4
davao,2026-09-07T14:00:00,25.9
davao,2026-09-07T15:00:00,25.6
davao,2026-09-07T16:00:00,25.0
davao,2026-09-07T17:00:00,24.7
davao,2026-09-07T18:00:00,24.3
davao,2026-09-07T19:00:00,24.0
davao,2026-09-07T20:00:00,23.6
davao,2026-09-07T21:00:00,23.2
davao,2026-09-07T22:00:00,23.3
davao,2026-09-07T23:00:00,26.3
davao,2026-09-08T00:00:00,27.8
davao,2026-09-08T01:00:00,29.1
davao,2026-09-08T02:00:00,30.2
davao,2026-09-08T03:00:00,30.9
davao,2026-09-08T04:00:00,31.6
davao,2026-09-08T05:00:00,31.5
davao,2026-09-08T06:00:00,31.0
davao,2026-09-08T07:00:00,29.9
davao,2026-09-08T08:00:00,28.9
davao,2026-09-08T09:00:00,27.8
davao,2026-09-08T10:00:00,26.7
davao,2026-09-08T11:00:00,26.3
davao,2026-09-08T12:00:00,26.4
davao,2026-09-08T13:00:00,26.1
davao,2026-09-08T14:00:00,25.9
davao,2026-09-08T15:00:00,25.6
davao,2026-09-08T16:00:00,24.8
davao,2026-09-08T17:00:00,23.9
davao,2026-09-08T18:00:00,23.8
davao,2026-09-08T19:00:00,23.0
davao,2026-09-08T20:00:00,22.6
davao,2026-09-08T21:00:00,22.2
davao,2026-09-08T22:00:00,22.7
davao,2026-09-08T23:00:00,25.7
